{"v":"5.6.6","ip":0,"op":80,"fr":60,"w":903,"h":1269,"layers":[{"ind":1192,"nm":"surface3831","ao":0,"ip":0,"op":80,"st":0,"ty":4,"ks":{"ty":"tr","o":{"k":100},"r":{"k":0},"p":{"a":0,"k":[0,0,0],"ix":2},"a":{"k":[0,0]},"s":{"k":[133.33,133.29]},"sk":{"k":0},"sa":{"k":0}},"shapes":[{"ty":"gr","hd":false,"nm":"surface3831","it":[{"ty":"gr","hd":false,"it":[{"ty":"sh","ks":{"k":{"i":[[0,0],[0,0],[0,0],[0,0]],"o":[[0,0],[0,0],[0,0],[0,0]],"v":[[655.79,740.35],[655.79,747.33],[651.37,742.91],[651.37,735.92]],"c":true}}},{"ty":"fl","o":{"k":100},"c":{"k":[0.16,0.67,0.89,1]}},{"ty":"tr","o":{"k":100},"r":{"k":0},"p":{"k":[0,0]},"a":{"k":[0,0]},"s":{"k":[100,100]},"sk":{"k":0},"sa":{"k":0},"hd":false}]},{"ty":"gr","hd":false,"it":[{"ty":"sh","ks":{"k":{"i":[[0,0],[0,0],[0,0],[0,0]],"o":[[0,0],[0,0],[0,0],[0,0]],"v":[[655.79,731.14],[655.79,738.14],[651.37,733.71],[651.37,726.72]],"c":true}}},{"ty":"fl","o":{"k":100},"c":{"k":[0.16,0.67,0.89,1]}},{"ty":"tr","o":{"k":100},"r":{"k":0},"p":{"k":[0,0]},"a":{"k":[0,0]},"s":{"k":[100,100]},"sk":{"k":0},"sa":{"k":0},"hd":false}]},{"ty":"gr","hd":false,"it":[{"ty":"sh","ks":{"k":{"i":[[0,0],[0,0],[0,0],[0,0]],"o":[[0,0],[0,0],[0,0],[0,0]],"v":[[655.79,721.96],[655.79,728.94],[651.37,724.51],[651.37,717.53]],"c":true}}},{"ty":"fl","o":{"k":100},"c":{"k":[0.16,0.67,0.89,1]}},{"ty":"tr","o":{"k":100},"r":{"k":0},"p":{"k":[0,0]},"a":{"k":[0,0]},"s":{"k":[100,100]},"sk":{"k":0},"sa":{"k":0},"hd":false}]},{"ty":"gr","hd":false,"it":[{"ty":"sh","ks":{"k":{"i":[[0,0],[0,0],[0,0],[0,0]],"o":[[0,0],[0,0],[0,0],[0,0]],"v":[[655.79,712.75],[655.79,719.75],[651.37,715.32],[651.37,708.33]],"c":true}}},{"ty":"fl","o":{"k":100},"c":{"k":[0.16,0.67,0.89,1]}},{"ty":"tr","o":{"k":100},"r":{"k":0},"p":{"k":[0,0]},"a":{"k":[0,0]},"s":{"k":[100,100]},"sk":{"k":0},"sa":{"k":0},"hd":false}]},{"ty":"gr","hd":false,"it":[{"ty":"sh","ks":{"k":{"i":[[0,0],[0,0],[0,0],[0,0]],"o":[[0,0],[0,0],[0,0],[0,0]],"v":[[655.79,204.43],[655.79,211.43],[651.37,215.85],[651.37,208.86]],"c":true}}},{"ty":"fl","o":{"k":100},"c":{"k":[0.16,0.67,0.89,1]}},{"ty":"tr","o":{"k":100},"r":{"k":0},"p":{"k":[0,0]},"a":{"k":[0,0]},"s":{"k":[100,100]},"sk":{"k":0},"sa":{"k":0},"hd":false}]},{"ty":"gr","hd":false,"it":[{"ty":"sh","ks":{"k":{"i":[[0,0],[0,0],[0,0],[0,0]],"o":[[0,0],[0,0],[0,0],[0,0]],"v":[[655.79,213.64],[655.79,220.62],[651.37,225.05],[651.37,218.06]],"c":true}}},{"ty":"fl","o":{"k":100},"c":{"k":[0.16,0.67,0.89,1]}},{"ty":"tr","o":{"k":100},"r":{"k":0},"p":{"k":[0,0]},"a":{"k":[0,0]},"s":{"k":[100,100]},"sk":{"k":0},"sa":{"k":0},"hd":false}]},{"ty":"gr","hd":false,"it":[{"ty":"sh","ks":{"k":{"i":[[0,0],[0,0],[0,0],[0,0]],"o":[[0,0],[0,0],[0,0],[0,0]],"v":[[655.79,222.83],[655.79,229.82],[651.37,234.24],[651.37,227.26]],"c":true}}},{"ty":"fl","o":{"k":100},"c":{"k":[0.16,0.67,0.89,1]}},{"ty":"tr","o":{"k":100},"r":{"k":0},"p":{"k":[0,0]},"a":{"k":[0,0]},"s":{"k":[100,100]},"sk":{"k":0},"sa":{"k":0},"hd":false}]},{"ty":"gr","hd":false,"it":[{"ty":"sh","ks":{"k":{"i":[[0,0],[0,0],[0,0],[0,0]],"o":[[0,0],[0,0],[0,0],[0,0]],"v":[[655.79,232.03],[655.79,239.01],[651.37,243.43],[651.37,236.45]],"c":true}}},{"ty":"fl","o":{"k":100},"c":{"k":[0.16,0.67,0.89,1]}},{"ty":"tr","o":{"k":100},"r":{"k":0},"p":{"k":[0,0]},"a":{"k":[0,0]},"s":{"k":[100,100]},"sk":{"k":0},"sa":{"k":0},"hd":false}]},{"ty":"gr","hd":false,"it":[{"ty":"sh","ks":{"k":{"i":[[0,0],[0,0],[0,0],[0,0]],"o":[[0,0],[0,0],[0,0],[0,0]],"v":[[25.91,733.04],[25.91,740.02],[21.48,744.45],[21.48,737.47]],"c":true}}},{"ty":"fl","o":{"k":100},"c":{"k":[0.16,0.67,0.89,1]}},{"ty":"tr","o":{"k":100},"r":{"k":0},"p":{"k":[0,0]},"a":{"k":[0,0]},"s":{"k":[100,100]},"sk":{"k":0},"sa":{"k":0},"hd":false}]},{"ty":"gr","hd":false,"it":[{"ty":"sh","ks":{"k":{"i":[[0,0],[0,0],[0,0],[0,0]],"o":[[0,0],[0,0],[0,0],[0,0]],"v":[[25.91,723.85],[25.91,730.83],[21.48,735.26],[21.48,728.27]],"c":true}}},{"ty":"fl","o":{"k":100},"c":{"k":[0.16,0.67,0.89,1]}},{"ty":"tr","o":{"k":100},"r":{"k":0},"p":{"k":[0,0]},"a":{"k":[0,0]},"s":{"k":[100,100]},"sk":{"k":0},"sa":{"k":0},"hd":false}]},{"ty":"gr","hd":false,"it":[{"ty":"sh","ks":{"k":{"i":[[0,0],[0,0],[0,0],[0,0]],"o":[[0,0],[0,0],[0,0],[0,0]],"v":[[25.91,714.64],[25.91,721.64],[21.48,726.06],[21.48,719.07]],"c":true}}},{"ty":"fl","o":{"k":100},"c":{"k":[0.16,0.67,0.89,1]}},{"ty":"tr","o":{"k":100},"r":{"k":0},"p":{"k":[0,0]},"a":{"k":[0,0]},"s":{"k":[100,100]},"sk":{"k":0},"sa":{"k":0},"hd":false}]},{"ty":"gr","hd":false,"it":[{"ty":"sh","ks":{"k":{"i":[[0,0],[0,0],[0,0],[0,0]],"o":[[0,0],[0,0],[0,0],[0,0]],"v":[[25.91,705.45],[25.91,712.43],[21.48,716.86],[21.48,709.88]],"c":true}}},{"ty":"fl","o":{"k":100},"c":{"k":[0.16,0.67,0.89,1]}},{"ty":"tr","o":{"k":100},"r":{"k":0},"p":{"k":[0,0]},"a":{"k":[0,0]},"s":{"k":[100,100]},"sk":{"k":0},"sa":{"k":0},"hd":false}]},{"ty":"gr","hd":false,"it":[{"ty":"sh","ks":{"k":{"i":[[0,0],[0,0],[0,0],[0,0]],"o":[[0,0],[0,0],[0,0],[0,0]],"v":[[25.91,205.99],[25.91,212.97],[21.48,208.54],[21.48,201.56]],"c":true}}},{"ty":"fl","o":{"k":100},"c":{"k":[0.16,0.67,0.89,1]}},{"ty":"tr","o":{"k":100},"r":{"k":0},"p":{"k":[0,0]},"a":{"k":[0,0]},"s":{"k":[100,100]},"sk":{"k":0},"sa":{"k":0},"hd":false}]},{"ty":"gr","hd":false,"it":[{"ty":"sh","ks":{"k":{"i":[[0,0],[0,0],[0,0],[0,0]],"o":[[0,0],[0,0],[0,0],[0,0]],"v":[[25.91,215.18],[25.91,222.16],[21.48,217.74],[21.48,210.75]],"c":true}}},{"ty":"fl","o":{"k":100},"c":{"k":[0.16,0.67,0.89,1]}},{"ty":"tr","o":{"k":100},"r":{"k":0},"p":{"k":[0,0]},"a":{"k":[0,0]},"s":{"k":[100,100]},"sk":{"k":0},"sa":{"k":0},"hd":false}]},{"ty":"gr","hd":false,"it":[{"ty":"sh","ks":{"k":{"i":[[0,0],[0,0],[0,0],[0,0]],"o":[[0,0],[0,0],[0,0],[0,0]],"v":[[25.91,224.38],[25.91,231.37],[21.48,226.93],[21.48,219.95]],"c":true}}},{"ty":"fl","o":{"k":100},"c":{"k":[0.16,0.67,0.89,1]}},{"ty":"tr","o":{"k":100},"r":{"k":0},"p":{"k":[0,0]},"a":{"k":[0,0]},"s":{"k":[100,100]},"sk":{"k":0},"sa":{"k":0},"hd":false}]},{"ty":"gr","hd":false,"it":[{"ty":"sh","ks":{"k":{"i":[[0,0],[0,0],[0,0],[0,0]],"o":[[0,0],[0,0],[0,0],[0,0]],"v":[[25.91,233.57],[25.91,240.55],[21.48,236.13],[21.48,229.15]],"c":true}}},{"ty":"fl","o":{"k":100},"c":{"k":[0.16,0.67,0.89,1]}},{"ty":"tr","o":{"k":100},"r":{"k":0},"p":{"k":[0,0]},"a":{"k":[0,0]},"s":{"k":[100,100]},"sk":{"k":0},"sa":{"k":0},"hd":false}]},{"ty":"gr","hd":false,"it":[{"ty":"sh","ks":{"k":{"i":[[0,0],[0,0],[0,0],[0,0],[0,0],[0,0],[0,0],[0,0],[0,0],[0,0],[0,0],[0,0],[0,0],[0,0],[0,0],[0,0],[0,0],[0,0],[0,0],[0,0],[0,0],[0,0],[0,0],[0,0],[0,0],[0,0],[0,0],[0,0],[0,0],[0,0],[0,0],[0,0],[0,0],[0,0],[0,0],[0,0],[0,0],[0,0],[0,0],[0,0],[0,0],[0,0],[0,0],[0,0],[0,0],[0,0],[0,0],[0,0],[0,0],[0,0],[0,0],[0,0],[0,0],[0,0],[0,0],[0,0],[0,0],[0,0],[0,0],[0,0],[0,0],[0,0],[0,0],[0,0],[0,0],[0,0],[0,0],[0,0],[0,0],[0,0],[0,0],[0,0],[0,0],[0,0],[0,0],[0,0],[0,0],[0,0],[0,0],[0,0],[0,0],[0,0],[0,0],[0,0],[0,0],[0,0],[0,0],[0,0],[0,0],[0,0],[0,0],[0,0],[0,0],[0,0],[0,0],[0,0],[0,0],[0,0],[0,0],[0,0],[0,0],[0,0],[0,0],[0,0],[0,0],[0,0],[0,0],[0,0],[0,0]],"o":[[0,0],[0,0],[0,0],[0,0],[0,0],[0,0],[0,0],[0,0],[0,0],[0,0],[0,0],[0,0],[0,0],[0,0],[0,0],[0,0],[0,0],[0,0],[0,0],[0,0],[0,0],[0,0],[0,0],[0,0],[0,0],[0,0],[0,0],[0,0],[0,0],[0,0],[0,0],[0,0],[0,0],[0,0],[0,0],[0,0],[0,0],[0,0],[0,0],[0,0],[0,0],[0,0],[0,0],[0,0],[0,0],[0,0],[0,0],[0,0],[0,0],[0,0],[0,0],[0,0],[0,0],[0,0],[0,0],[0,0],[0,0],[0,0],[0,0],[0,0],[0,0],[0,0],[0,0],[0,0],[0,0],[0,0],[0,0],[0,0],[0,0],[0,0],[0,0],[0,0],[0,0],[0,0],[0,0],[0,0],[0,0],[0,0],[0,0],[0,0],[0,0],[0,0],[0,0],[0,0],[0,0],[0,0],[0,0],[0,0],[0,0],[0,0],[0,0],[0,0],[0,0],[0,0],[0,0],[0,0],[0,0],[0,0],[0,0],[0,0],[0,0],[0,0],[0,0],[0,0],[0,0],[0,0],[0,0],[0,0],[0,0]],"v":[[627.24,322.76],[627.24,297.77],[632.53,292.48],[677.28,247.72],[677.28,191.19],[675.29,191.19],[675.29,246.89],[659.73,262.45],[632.53,289.67],[609.52,312.68],[609.52,421.76],[596.64,434.65],[596.64,305.24],[661.71,240.16],[661.72,61.43],[662.18,61.89],[662.18,0],[15.09,0],[15.09,61.17],[15.56,60.7],[15.56,237.27],[80.64,302.35],[80.64,431.74],[67.76,418.87],[67.76,309.79],[44.07,286.09],[17.54,259.57],[2,244],[2,188.29],[0,188.29],[0,244.83],[17.54,262.38],[44.07,288.92],[50.03,294.88],[50.03,319.87],[65.77,335.61],[65.77,344.93],[50.03,329.2],[50.03,355.59],[65.77,371.34],[65.77,380.66],[50.03,364.93],[50.03,391.32],[65.77,407.05],[65.77,538.95],[50.03,554.69],[50.03,581.07],[65.77,565.35],[65.77,574.67],[50.03,590.41],[50.03,616.8],[65.77,601.06],[65.77,610.39],[50.03,626.13],[50.03,651.12],[17.54,683.61],[0,701.16],[0,757.7],[2,757.7],[2,702],[17.54,686.44],[44.07,659.9],[67.76,636.2],[67.76,527.12],[80.64,514.25],[80.64,643.65],[15.56,708.73],[15.56,891.34],[15.09,890.88],[15.09,952.04],[662.18,952.04],[662.18,890.15],[661.72,890.61],[661.72,711.61],[659.73,709.62],[632.53,682.43],[596.64,646.54],[596.64,517.14],[609.53,530.02],[609.53,639.1],[632.53,662.12],[659.73,689.32],[675.29,704.88],[675.29,760.59],[677.29,760.59],[677.29,704.06],[659.73,686.5],[632.53,659.29],[627.24,654],[627.24,629.01],[611.51,613.28],[611.51,603.96],[627.24,619.69],[627.24,593.3],[611.51,577.55],[611.51,568.23],[627.24,583.97],[627.24,557.57],[611.51,541.84],[611.51,409.95],[627.24,394.2],[627.24,367.81],[611.51,383.55],[611.51,374.22],[627.24,358.49],[627.24,332.09],[611.51,347.83],[611.51,338.5],[627.24,322.76]],"c":true}}},{"ty":"sh","ks":{"k":{"i":[[0,0],[0,0],[0,0],[0,0]],"o":[[0,0],[0,0],[0,0],[0,0]],"v":[[618.28,280.81],[610.64,288.45],[610.64,276.32],[618.28,268.69]],"c":true}}},{"ty":"sh","ks":{"k":{"i":[[0,0],[0,0],[0,0],[0,0]],"o":[[0,0],[0,0],[0,0],[0,0]],"v":[[627.91,271.18],[619.48,279.61],[619.48,267.48],[627.91,259.06]],"c":true}}},{"ty":"sh","ks":{"k":{"i":[[0,0],[0,0],[0,0],[0,0],[0,0],[0,0],[0,0],[0,0]],"o":[[0,0],[0,0],[0,0],[0,0],[0,0],[0,0],[0,0],[0,0]],"v":[[659.73,239.36],[629.12,269.96],[629.12,257.84],[632.53,254.43],[642.95,244.03],[642.95,213.37],[659.73,196.58],[659.73,239.36]],"c":true}}},{"ty":"sh","ks":{"k":{"i":[[0,0],[0,0],[0,0],[0,0]],"o":[[0,0],[0,0],[0,0],[0,0]],"v":[[659.73,194.87],[655.58,199.02],[655.58,184.45],[659.73,180.3]],"c":true}}},{"ty":"sh","ks":{"k":{"i":[[0,0],[0,0],[0,0],[0,0]],"o":[[0,0],[0,0],[0,0],[0,0]],"v":[[17.54,177.41],[21.7,181.55],[21.7,196.12],[17.54,191.98]],"c":true}}},{"ty":"sh","ks":{"k":{"i":[[0,0],[0,0],[0,0],[0,0],[0,0],[0,0],[0,0]],"o":[[0,0],[0,0],[0,0],[0,0],[0,0],[0,0],[0,0]],"v":[[48.16,267.08],[17.54,236.46],[17.54,193.68],[34.34,210.48],[34.34,241.13],[44.07,250.86],[48.16,254.95]],"c":true}}},{"ty":"sh","ks":{"k":{"i":[[0,0],[0,0],[0,0],[0,0]],"o":[[0,0],[0,0],[0,0],[0,0]],"v":[[57.8,276.71],[49.36,268.28],[49.36,256.15],[57.8,264.59]],"c":true}}},{"ty":"sh","ks":{"k":{"i":[[0,0],[0,0],[0,0],[0,0]],"o":[[0,0],[0,0],[0,0],[0,0]],"v":[[66.64,285.56],[59,277.92],[59,265.79],[66.64,273.43]],"c":true}}},{"ty":"sh","ks":{"k":{"i":[[0,0],[0,0],[0,0],[0,0]],"o":[[0,0],[0,0],[0,0],[0,0]],"v":[[67.76,420.57],[80.64,433.45],[80.64,437.32],[67.76,424.44]],"c":true}}},{"ty":"sh","ks":{"k":{"i":[[0,0],[0,0],[0,0],[0,0]],"o":[[0,0],[0,0],[0,0],[0,0]],"v":[[67.76,427.25],[80.64,440.13],[80.64,443.45],[67.76,430.57]],"c":true}}},{"ty":"sh","ks":{"k":{"i":[[0,0],[0,0],[0,0],[0,0]],"o":[[0,0],[0,0],[0,0],[0,0]],"v":[[67.76,433.38],[80.64,446.25],[80.64,449.57],[67.76,436.69]],"c":true}}},{"ty":"sh","ks":{"k":{"i":[[0,0],[0,0],[0,0],[0,0]],"o":[[0,0],[0,0],[0,0],[0,0]],"v":[[67.76,439.49],[80.64,452.38],[80.64,455.7],[67.76,442.82]],"c":true}}},{"ty":"sh","ks":{"k":{"i":[[0,0],[0,0],[0,0],[0,0]],"o":[[0,0],[0,0],[0,0],[0,0]],"v":[[67.76,445.62],[80.64,458.51],[80.64,461.82],[67.76,448.93]],"c":true}}},{"ty":"sh","ks":{"k":{"i":[[0,0],[0,0],[0,0],[0,0]],"o":[[0,0],[0,0],[0,0],[0,0]],"v":[[67.76,451.74],[80.64,464.63],[80.64,467.95],[67.76,455.07]],"c":true}}},{"ty":"sh","ks":{"k":{"i":[[0,0],[0,0],[0,0],[0,0],[0,0],[0,0]],"o":[[0,0],[0,0],[0,0],[0,0],[0,0],[0,0]],"v":[[67.76,478.73],[73.48,473],[67.76,467.29],[67.76,464],[76.77,473],[67.76,482.01]],"c":true}}},{"ty":"sh","ks":{"k":{"i":[[0,0],[0,0],[0,0],[0,0],[0,0],[0,0],[0,0]],"o":[[0,0],[0,0],[0,0],[0,0],[0,0],[0,0],[0,0]],"v":[[67.76,484.83],[79.56,473],[67.76,461.18],[67.76,457.87],[80.64,470.75],[80.64,475.26],[67.76,488.14]],"c":true}}},{"ty":"sh","ks":{"k":{"i":[[0,0],[0,0],[0,0],[0,0]],"o":[[0,0],[0,0],[0,0],[0,0]],"v":[[67.76,490.95],[80.64,478.07],[80.64,481.38],[67.76,494.26]],"c":true}}},{"ty":"sh","ks":{"k":{"i":[[0,0],[0,0],[0,0],[0,0]],"o":[[0,0],[0,0],[0,0],[0,0]],"v":[[67.76,497.07],[80.64,484.2],[80.64,487.51],[67.76,500.4]],"c":true}}},{"ty":"sh","ks":{"k":{"i":[[0,0],[0,0],[0,0],[0,0]],"o":[[0,0],[0,0],[0,0],[0,0]],"v":[[67.76,503.2],[80.64,490.32],[80.64,493.63],[67.76,506.52]],"c":true}}},{"ty":"sh","ks":{"k":{"i":[[0,0],[0,0],[0,0],[0,0]],"o":[[0,0],[0,0],[0,0],[0,0]],"v":[[67.76,509.32],[80.64,496.45],[80.64,499.76],[67.76,512.64]],"c":true}}},{"ty":"sh","ks":{"k":{"i":[[0,0],[0,0],[0,0],[0,0]],"o":[[0,0],[0,0],[0,0],[0,0]],"v":[[67.76,515.45],[80.64,502.57],[80.64,505.88],[67.76,518.77]],"c":true}}},{"ty":"sh","ks":{"k":{"i":[[0,0],[0,0],[0,0],[0,0]],"o":[[0,0],[0,0],[0,0],[0,0]],"v":[[67.76,525.44],[67.76,521.57],[80.64,508.69],[80.64,512.56]],"c":true}}},{"ty":"sh","ks":{"k":{"i":[[0,0],[0,0],[0,0],[0,0]],"o":[[0,0],[0,0],[0,0],[0,0]],"v":[[59,668.09],[66.64,660.45],[66.64,672.57],[59,680.21]],"c":true}}},{"ty":"sh","ks":{"k":{"i":[[0,0],[0,0],[0,0],[0,0]],"o":[[0,0],[0,0],[0,0],[0,0]],"v":[[49.37,677.73],[57.8,669.3],[57.8,681.43],[49.37,689.86]],"c":true}}},{"ty":"sh","ks":{"k":{"i":[[0,0],[0,0],[0,0],[0,0],[0,0],[0,0],[0,0]],"o":[[0,0],[0,0],[0,0],[0,0],[0,0],[0,0],[0,0]],"v":[[17.54,709.55],[48.16,678.94],[48.16,691.06],[44.07,695.14],[34.34,704.88],[34.34,735.53],[17.54,752.33]],"c":true}}},{"ty":"sh","ks":{"k":{"i":[[0,0],[0,0],[0,0],[0,0]],"o":[[0,0],[0,0],[0,0],[0,0]],"v":[[17.54,754.04],[21.7,749.89],[21.7,764.45],[17.54,768.59]],"c":true}}},{"ty":"sh","ks":{"k":{"i":[[0,0],[0,0],[0,0],[0,0]],"o":[[0,0],[0,0],[0,0],[0,0]],"v":[[659.73,771.5],[655.58,767.35],[655.58,752.78],[659.73,756.93]],"c":true}}},{"ty":"sh","ks":{"k":{"i":[[0,0],[0,0],[0,0],[0,0],[0,0],[0,0],[0,0],[0,0]],"o":[[0,0],[0,0],[0,0],[0,0],[0,0],[0,0],[0,0],[0,0]],"v":[[629.12,681.84],[659.73,712.45],[659.73,755.23],[642.95,738.44],[642.95,707.79],[632.53,697.38],[629.11,693.97],[629.11,681.84]],"c":true}}},{"ty":"sh","ks":{"k":{"i":[[0,0],[0,0],[0,0],[0,0]],"o":[[0,0],[0,0],[0,0],[0,0]],"v":[[619.48,672.2],[627.91,680.62],[627.91,692.75],[619.48,684.32]],"c":true}}},{"ty":"sh","ks":{"k":{"i":[[0,0],[0,0],[0,0],[0,0]],"o":[[0,0],[0,0],[0,0],[0,0]],"v":[[610.64,663.34],[618.28,670.99],[618.28,683.12],[610.64,675.47]],"c":true}}},{"ty":"sh","ks":{"k":{"i":[[0,0],[0,0],[0,0],[0,0],[0,0],[0,0],[0,0],[0,0],[0,0],[0,0],[0,0],[0,0],[0,0],[0,0],[0,0],[0,0],[0,0],[0,0],[0,0],[0,0],[0,0],[0,0],[0,0],[0,0],[0,0],[0,0],[0,0],[0,0],[0,0],[0,0],[0,0],[0,0],[0,0],[0,0],[0,0],[0,0],[0,0],[0,0],[0,0],[0,0],[0,0],[0,0],[0,0],[0,0],[0,0],[0,0],[0,0],[0,0],[0,0],[0,0],[0,0],[0,0],[0,0],[0,0],[0,0],[0,0],[0,0],[0,0],[0,0],[0,0],[0,0],[0,0],[0,0]],"o":[[0,0],[0,0],[0,0],[0,0],[0,0],[0,0],[0,0],[0,0],[0,0],[0,0],[0,0],[0,0],[0,0],[0,0],[0,0],[0,0],[0,0],[0,0],[0,0],[0,0],[0,0],[0,0],[0,0],[0,0],[0,0],[0,0],[0,0],[0,0],[0,0],[0,0],[0,0],[0,0],[0,0],[0,0],[0,0],[0,0],[0,0],[0,0],[0,0],[0,0],[0,0],[0,0],[0,0],[0,0],[0,0],[0,0],[0,0],[0,0],[0,0],[0,0],[0,0],[0,0],[0,0],[0,0],[0,0],[0,0],[0,0],[0,0],[0,0],[0,0],[0,0],[0,0],[0,0]],"v":[[594.66,304.44],[594.66,647.38],[609.43,662.15],[609.43,675.97],[641.73,708.27],[641.73,738.93],[654.38,751.57],[654.38,767.84],[659.73,773.2],[659.73,892.59],[659.64,892.67],[659.64,919.6],[653.98,919.6],[653.98,943.93],[629.39,943.93],[629.39,949.54],[47.88,949.54],[47.88,943.93],[23.29,943.93],[23.29,919.59],[17.63,919.59],[17.63,893.39],[17.54,893.3],[17.54,770.29],[22.9,764.93],[22.9,748.66],[35.55,736.02],[35.55,705.37],[44.07,696.85],[67.84,673.07],[67.84,659.24],[82.62,644.46],[82.62,301.53],[67.85,286.75],[67.85,272.93],[44.07,249.15],[35.55,240.62],[35.55,209.97],[22.9,197.34],[22.9,181.06],[17.55,175.71],[17.54,58.75],[17.63,58.66],[17.63,32.45],[23.29,32.45],[23.29,8.11],[47.88,8.11],[47.88,2.51],[629.4,2.51],[629.4,8.11],[653.98,8.11],[653.98,32.45],[659.64,32.45],[659.64,59.39],[659.73,59.47],[659.73,178.61],[654.38,183.95],[654.38,200.22],[641.73,212.87],[641.73,243.52],[609.43,275.83],[609.43,289.66],[594.66,304.42]],"c":true}}},{"ty":"sh","ks":{"k":{"i":[[0,0],[0,0],[0,0],[0,0]],"o":[[0,0],[0,0],[0,0],[0,0]],"v":[[609.52,528.34],[596.64,515.45],[596.64,511.59],[609.52,524.46]],"c":true}}},{"ty":"sh","ks":{"k":{"i":[[0,0],[0,0],[0,0],[0,0]],"o":[[0,0],[0,0],[0,0],[0,0]],"v":[[609.52,521.66],[596.64,508.78],[596.64,505.46],[609.52,518.34]],"c":true}}},{"ty":"sh","ks":{"k":{"i":[[0,0],[0,0],[0,0],[0,0]],"o":[[0,0],[0,0],[0,0],[0,0]],"v":[[609.52,515.54],[596.64,502.65],[596.64,499.34],[609.52,512.22]],"c":true}}},{"ty":"sh","ks":{"k":{"i":[[0,0],[0,0],[0,0],[0,0]],"o":[[0,0],[0,0],[0,0],[0,0]],"v":[[609.52,509.41],[596.64,496.53],[596.64,493.21],[609.52,506.09]],"c":true}}},{"ty":"sh","ks":{"k":{"i":[[0,0],[0,0],[0,0],[0,0]],"o":[[0,0],[0,0],[0,0],[0,0]],"v":[[609.52,503.28],[596.64,490.39],[596.64,487.09],[609.52,499.96]],"c":true}}},{"ty":"sh","ks":{"k":{"i":[[0,0],[0,0],[0,0],[0,0]],"o":[[0,0],[0,0],[0,0],[0,0]],"v":[[609.52,497.16],[596.64,484.28],[596.64,480.96],[609.52,493.84]],"c":true}}},{"ty":"sh","ks":{"k":{"i":[[0,0],[0,0],[0,0],[0,0],[0,0],[0,0]],"o":[[0,0],[0,0],[0,0],[0,0],[0,0],[0,0]],"v":[[609.52,470.18],[603.81,475.9],[609.52,481.61],[609.52,484.91],[600.5,475.9],[609.52,466.89]],"c":true}}},{"ty":"sh","ks":{"k":{"i":[[0,0],[0,0],[0,0],[0,0],[0,0],[0,0],[0,0]],"o":[[0,0],[0,0],[0,0],[0,0],[0,0],[0,0],[0,0]],"v":[[609.52,464.07],[597.72,475.9],[609.52,487.73],[609.52,491.04],[596.64,478.16],[596.64,473.64],[609.52,460.76]],"c":true}}},{"ty":"sh","ks":{"k":{"i":[[0,0],[0,0],[0,0],[0,0]],"o":[[0,0],[0,0],[0,0],[0,0]],"v":[[609.52,457.96],[596.64,470.84],[596.64,467.52],[609.52,454.63]],"c":true}}},{"ty":"sh","ks":{"k":{"i":[[0,0],[0,0],[0,0],[0,0]],"o":[[0,0],[0,0],[0,0],[0,0]],"v":[[609.52,451.84],[596.64,464.71],[596.64,461.39],[609.52,448.51]],"c":true}}},{"ty":"sh","ks":{"k":{"i":[[0,0],[0,0],[0,0],[0,0]],"o":[[0,0],[0,0],[0,0],[0,0]],"v":[[609.52,445.71],[596.64,458.59],[596.64,455.28],[609.52,442.39]],"c":true}}},{"ty":"sh","ks":{"k":{"i":[[0,0],[0,0],[0,0],[0,0]],"o":[[0,0],[0,0],[0,0],[0,0]],"v":[[609.52,439.59],[596.64,452.46],[596.64,449.15],[609.52,436.26]],"c":true}}},{"ty":"sh","ks":{"k":{"i":[[0,0],[0,0],[0,0],[0,0]],"o":[[0,0],[0,0],[0,0],[0,0]],"v":[[609.52,433.46],[596.64,446.34],[596.64,443.03],[609.52,430.14]],"c":true}}},{"ty":"sh","ks":{"k":{"i":[[0,0],[0,0],[0,0],[0,0]],"o":[[0,0],[0,0],[0,0],[0,0]],"v":[[609.52,427.34],[596.64,440.21],[596.64,436.34],[609.52,423.47]],"c":true}}},{"ty":"fl","o":{"k":100},"c":{"k":[0.66,0.9,1,1]}},{"ty":"tr","o":{"k":100},"r":{"k":0},"p":{"k":[0,0]},"a":{"k":[0,0]},"s":{"k":[100,100]},"sk":{"k":0},"sa":{"k":0},"hd":false}]},{"ty":"gr","hd":false,"it":[{"ty":"sh","ks":{"k":{"i":[[0,0],[0,0],[0,0],[0,0]],"o":[[0,0],[0,0],[0,0],[0,0]],"v":[[651.37,708.33],[651.37,715.32],[655.79,719.74],[655.79,712.75]],"c":true}}},{"ty":"sh","ks":{"k":{"i":[[0,0],[0,0],[0,0],[0,0]],"o":[[0,0],[0,0],[0,0],[0,0]],"v":[[651.37,717.53],[651.37,724.51],[655.79,728.94],[655.79,721.96]],"c":true}}},{"ty":"sh","ks":{"k":{"i":[[0,0],[0,0],[0,0],[0,0]],"o":[[0,0],[0,0],[0,0],[0,0]],"v":[[651.37,726.72],[651.37,733.71],[655.79,738.13],[655.79,731.14]],"c":true}}},{"ty":"sh","ks":{"k":{"i":[[0,0],[0,0],[0,0],[0,0]],"o":[[0,0],[0,0],[0,0],[0,0]],"v":[[651.37,735.92],[651.37,742.91],[655.79,747.33],[655.79,740.35]],"c":true}}},{"ty":"sh","ks":{"k":{"i":[[0,0],[0,0],[0,0],[0,0],[0,0],[0,0],[0,0],[0,0],[0,0],[0,0],[0,0],[0,0],[0,0],[0,0],[0,0],[0,0],[0,0],[0,0],[0,0],[0,0],[0,0],[0,0],[0,0],[0,0],[0,0],[0,0],[0,0],[0,0],[0,0],[0,0],[0,0],[0,0],[0,0],[0,0],[0,0],[0,0],[0,0],[0,0],[0,0],[0,0],[0,0],[0,0],[0,0],[0,0],[0,0],[0,0],[0,0],[0,0],[0,0],[0,0],[0,0],[0,0],[0,0],[0,0],[0,0],[0,0],[0,0],[0,0],[0,0],[0,0],[0,0],[0,0],[0,0],[0,0],[0,0],[0,0],[0,0],[0,0],[0,0],[0,0],[0,0],[0,0],[0,0],[0,0],[0,0],[0,0],[0,0],[0,0],[0,0],[0,0],[0,0],[0,0],[0,0],[0,0],[0,0],[0,0],[0,0],[0,0],[0,0],[0,0],[0,0],[0,0],[0,0],[0,0],[0,0],[0,0],[0,0],[0,0],[0,0],[0,0],[0,0],[0,0],[0,0],[0,0],[0,0],[0,0],[0,0],[0,0],[0,0],[0,0],[0,0],[0,0],[0,0],[0,0],[0,0],[0,0],[0,0],[0,0],[0,0],[0,0],[0,0],[0,0],[0,0],[0,0],[0,0],[0,0],[0,0],[0,0]],"o":[[0,0],[0,0],[0,0],[0,0],[0,0],[0,0],[0,0],[0,0],[0,0],[0,0],[0,0],[0,0],[0,0],[0,0],[0,0],[0,0],[0,0],[0,0],[0,0],[0,0],[0,0],[0,0],[0,0],[0,0],[0,0],[0,0],[0,0],[0,0],[0,0],[0,0],[0,0],[0,0],[0,0],[0,0],[0,0],[0,0],[0,0],[0,0],[0,0],[0,0],[0,0],[0,0],[0,0],[0,0],[0,0],[0,0],[0,0],[0,0],[0,0],[0,0],[0,0],[0,0],[0,0],[0,0],[0,0],[0,0],[0,0],[0,0],[0,0],[0,0],[0,0],[0,0],[0,0],[0,0],[0,0],[0,0],[0,0],[0,0],[0,0],[0,0],[0,0],[0,0],[0,0],[0,0],[0,0],[0,0],[0,0],[0,0],[0,0],[0,0],[0,0],[0,0],[0,0],[0,0],[0,0],[0,0],[0,0],[0,0],[0,0],[0,0],[0,0],[0,0],[0,0],[0,0],[0,0],[0,0],[0,0],[0,0],[0,0],[0,0],[0,0],[0,0],[0,0],[0,0],[0,0],[0,0],[0,0],[0,0],[0,0],[0,0],[0,0],[0,0],[0,0],[0,0],[0,0],[0,0],[0,0],[0,0],[0,0],[0,0],[0,0],[0,0],[0,0],[0,0],[0,0],[0,0],[0,0],[0,0]],"v":[[17.54,0.81],[17.54,177.41],[21.7,181.55],[21.7,196.12],[17.54,191.98],[17.54,193.68],[34.34,210.48],[34.34,241.13],[44.07,250.86],[48.16,254.95],[48.16,267.08],[17.54,236.46],[17.54,239.25],[80.64,302.35],[80.64,431.74],[67.76,418.87],[67.76,309.79],[44.07,286.09],[17.54,259.57],[17.54,262.39],[44.07,288.92],[50.03,294.88],[50.03,319.87],[65.77,335.61],[65.77,344.94],[50.03,329.2],[50.03,355.59],[65.77,371.34],[65.77,380.66],[50.03,364.93],[50.03,391.32],[65.77,407.05],[65.77,538.95],[50.03,554.69],[50.03,581.08],[65.77,565.35],[65.77,574.68],[50.03,590.42],[50.03,616.81],[65.77,601.07],[65.77,610.39],[50.03,626.14],[50.03,651.12],[17.54,683.61],[17.54,686.44],[44.07,659.91],[67.76,636.21],[67.76,527.13],[80.64,514.26],[80.64,643.66],[17.54,706.75],[17.54,709.54],[48.16,678.93],[48.16,691.05],[44.07,695.14],[34.34,704.87],[34.34,735.52],[17.54,752.32],[17.54,754.03],[21.7,749.88],[21.7,764.45],[17.54,768.59],[17.54,951.23],[659.73,951.23],[659.73,771.48],[655.58,767.33],[655.58,752.77],[659.73,756.91],[659.73,755.21],[642.95,738.42],[642.95,707.77],[632.53,697.36],[629.11,693.95],[629.11,681.82],[659.73,712.43],[659.73,709.62],[632.52,682.43],[596.64,646.54],[596.64,517.14],[609.52,530.02],[609.52,639.1],[632.53,662.12],[659.73,689.32],[659.73,686.5],[632.53,659.29],[627.24,654],[627.24,629.01],[611.5,613.28],[611.5,603.96],[627.24,619.69],[627.24,593.3],[611.5,577.55],[611.5,568.23],[627.24,583.97],[627.24,557.57],[611.5,541.84],[611.5,409.95],[627.24,394.2],[627.24,367.81],[611.5,383.55],[611.5,374.22],[627.24,358.49],[627.24,332.09],[611.5,347.83],[611.5,338.5],[627.24,322.76],[627.24,297.77],[632.53,292.48],[659.73,265.27],[659.73,262.45],[632.53,289.67],[609.52,312.68],[609.52,421.76],[596.64,434.65],[596.64,305.24],[659.73,242.15],[659.73,239.36],[629.11,269.96],[629.11,257.84],[632.53,254.43],[642.95,244.03],[642.95,213.37],[659.73,196.58],[659.73,194.87],[655.58,199.02],[655.58,184.45],[659.73,180.3],[659.73,0.81]],"c":true}}},{"ty":"sh","ks":{"k":{"i":[[0,0],[0,0],[0,0],[0,0]],"o":[[0,0],[0,0],[0,0],[0,0]],"v":[[57.8,276.7],[49.37,268.27],[49.37,256.14],[57.8,264.58]],"c":true}}},{"ty":"sh","ks":{"k":{"i":[[0,0],[0,0],[0,0],[0,0]],"o":[[0,0],[0,0],[0,0],[0,0]],"v":[[66.65,285.55],[59,277.91],[59,265.79],[66.65,273.43]],"c":true}}},{"ty":"sh","ks":{"k":{"i":[[0,0],[0,0],[0,0],[0,0]],"o":[[0,0],[0,0],[0,0],[0,0]],"v":[[67.77,420.57],[80.64,433.45],[80.64,437.32],[67.77,424.43]],"c":true}}},{"ty":"sh","ks":{"k":{"i":[[0,0],[0,0],[0,0],[0,0]],"o":[[0,0],[0,0],[0,0],[0,0]],"v":[[67.77,427.25],[80.64,440.12],[80.64,443.45],[67.77,430.56]],"c":true}}},{"ty":"sh","ks":{"k":{"i":[[0,0],[0,0],[0,0],[0,0]],"o":[[0,0],[0,0],[0,0],[0,0]],"v":[[67.77,433.38],[80.64,446.25],[80.64,449.57],[67.77,436.68]],"c":true}}},{"ty":"sh","ks":{"k":{"i":[[0,0],[0,0],[0,0],[0,0]],"o":[[0,0],[0,0],[0,0],[0,0]],"v":[[67.77,439.49],[80.64,452.38],[80.64,455.69],[67.77,442.81]],"c":true}}},{"ty":"sh","ks":{"k":{"i":[[0,0],[0,0],[0,0],[0,0]],"o":[[0,0],[0,0],[0,0],[0,0]],"v":[[67.77,445.62],[80.64,458.5],[80.64,461.81],[67.77,448.93]],"c":true}}},{"ty":"sh","ks":{"k":{"i":[[0,0],[0,0],[0,0],[0,0]],"o":[[0,0],[0,0],[0,0],[0,0]],"v":[[67.77,451.74],[80.64,464.62],[80.64,467.94],[67.77,455.06]],"c":true}}},{"ty":"sh","ks":{"k":{"i":[[0,0],[0,0],[0,0],[0,0],[0,0],[0,0]],"o":[[0,0],[0,0],[0,0],[0,0],[0,0],[0,0]],"v":[[67.77,478.72],[73.48,473],[67.77,467.29],[67.77,463.99],[76.77,473],[67.77,482.01]],"c":true}}},{"ty":"sh","ks":{"k":{"i":[[0,0],[0,0],[0,0],[0,0],[0,0],[0,0],[0,0]],"o":[[0,0],[0,0],[0,0],[0,0],[0,0],[0,0],[0,0]],"v":[[67.77,484.83],[79.56,473],[67.77,461.17],[67.77,457.86],[80.64,470.75],[80.64,475.26],[67.77,488.14]],"c":true}}},{"ty":"sh","ks":{"k":{"i":[[0,0],[0,0],[0,0],[0,0]],"o":[[0,0],[0,0],[0,0],[0,0]],"v":[[67.77,490.95],[80.64,478.06],[80.64,481.38],[67.77,494.26]],"c":true}}},{"ty":"sh","ks":{"k":{"i":[[0,0],[0,0],[0,0],[0,0]],"o":[[0,0],[0,0],[0,0],[0,0]],"v":[[67.77,497.07],[80.64,484.19],[80.64,487.51],[67.77,500.39]],"c":true}}},{"ty":"sh","ks":{"k":{"i":[[0,0],[0,0],[0,0],[0,0]],"o":[[0,0],[0,0],[0,0],[0,0]],"v":[[67.77,503.19],[80.64,490.32],[80.64,493.63],[67.77,506.52]],"c":true}}},{"ty":"sh","ks":{"k":{"i":[[0,0],[0,0],[0,0],[0,0]],"o":[[0,0],[0,0],[0,0],[0,0]],"v":[[67.77,509.32],[80.64,496.44],[80.64,499.76],[67.77,512.64]],"c":true}}},{"ty":"sh","ks":{"k":{"i":[[0,0],[0,0],[0,0],[0,0]],"o":[[0,0],[0,0],[0,0],[0,0]],"v":[[67.77,515.44],[80.64,502.56],[80.64,505.88],[67.77,518.77]],"c":true}}},{"ty":"sh","ks":{"k":{"i":[[0,0],[0,0],[0,0],[0,0]],"o":[[0,0],[0,0],[0,0],[0,0]],"v":[[67.77,525.44],[67.77,521.57],[80.64,508.69],[80.64,512.56]],"c":true}}},{"ty":"sh","ks":{"k":{"i":[[0,0],[0,0],[0,0],[0,0]],"o":[[0,0],[0,0],[0,0],[0,0]],"v":[[59,668.09],[66.65,660.45],[66.65,672.57],[59,680.21]],"c":true}}},{"ty":"sh","ks":{"k":{"i":[[0,0],[0,0],[0,0],[0,0]],"o":[[0,0],[0,0],[0,0],[0,0]],"v":[[49.37,677.73],[57.81,669.29],[57.81,681.42],[49.37,689.85]],"c":true}}},{"ty":"sh","ks":{"k":{"i":[[0,0],[0,0],[0,0],[0,0]],"o":[[0,0],[0,0],[0,0],[0,0]],"v":[[619.48,672.2],[627.91,680.62],[627.91,692.75],[619.48,684.31]],"c":true}}},{"ty":"sh","ks":{"k":{"i":[[0,0],[0,0],[0,0],[0,0]],"o":[[0,0],[0,0],[0,0],[0,0]],"v":[[610.64,663.34],[618.28,670.98],[618.28,683.11],[610.64,675.46]],"c":true}}},{"ty":"sh","ks":{"k":{"i":[[0,0],[0,0],[0,0],[0,0]],"o":[[0,0],[0,0],[0,0],[0,0]],"v":[[609.53,528.33],[596.64,515.44],[596.64,511.58],[609.53,524.46]],"c":true}}},{"ty":"sh","ks":{"k":{"i":[[0,0],[0,0],[0,0],[0,0]],"o":[[0,0],[0,0],[0,0],[0,0]],"v":[[609.53,521.65],[596.64,508.77],[596.64,505.45],[609.53,518.34]],"c":true}}},{"ty":"sh","ks":{"k":{"i":[[0,0],[0,0],[0,0],[0,0]],"o":[[0,0],[0,0],[0,0],[0,0]],"v":[[609.53,515.53],[596.64,502.64],[596.64,499.33],[609.53,512.21]],"c":true}}},{"ty":"sh","ks":{"k":{"i":[[0,0],[0,0],[0,0],[0,0]],"o":[[0,0],[0,0],[0,0],[0,0]],"v":[[609.53,509.4],[596.64,496.52],[596.64,493.2],[609.53,506.09]],"c":true}}},{"ty":"sh","ks":{"k":{"i":[[0,0],[0,0],[0,0],[0,0]],"o":[[0,0],[0,0],[0,0],[0,0]],"v":[[609.53,503.27],[596.64,490.39],[596.64,487.08],[609.53,499.96]],"c":true}}},{"ty":"sh","ks":{"k":{"i":[[0,0],[0,0],[0,0],[0,0]],"o":[[0,0],[0,0],[0,0],[0,0]],"v":[[609.53,497.15],[596.64,484.27],[596.64,480.95],[609.53,493.83]],"c":true}}},{"ty":"sh","ks":{"k":{"i":[[0,0],[0,0],[0,0],[0,0],[0,0],[0,0]],"o":[[0,0],[0,0],[0,0],[0,0],[0,0],[0,0]],"v":[[609.53,470.18],[603.82,475.89],[609.53,481.61],[609.53,484.91],[600.51,475.89],[609.53,466.88]],"c":true}}},{"ty":"sh","ks":{"k":{"i":[[0,0],[0,0],[0,0],[0,0],[0,0],[0,0],[0,0]],"o":[[0,0],[0,0],[0,0],[0,0],[0,0],[0,0],[0,0]],"v":[[609.53,464.06],[597.73,475.89],[609.53,487.72],[609.53,491.04],[596.64,478.15],[596.64,473.63],[609.53,460.75]],"c":true}}},{"ty":"sh","ks":{"k":{"i":[[0,0],[0,0],[0,0],[0,0]],"o":[[0,0],[0,0],[0,0],[0,0]],"v":[[609.53,457.95],[596.64,470.83],[596.64,467.51],[609.53,454.62]],"c":true}}},{"ty":"sh","ks":{"k":{"i":[[0,0],[0,0],[0,0],[0,0]],"o":[[0,0],[0,0],[0,0],[0,0]],"v":[[609.53,451.83],[596.64,464.71],[596.64,461.38],[609.53,448.5]],"c":true}}},{"ty":"sh","ks":{"k":{"i":[[0,0],[0,0],[0,0],[0,0]],"o":[[0,0],[0,0],[0,0],[0,0]],"v":[[609.53,445.7],[596.64,458.58],[596.64,455.27],[609.53,442.38]],"c":true}}},{"ty":"sh","ks":{"k":{"i":[[0,0],[0,0],[0,0],[0,0]],"o":[[0,0],[0,0],[0,0],[0,0]],"v":[[609.53,439.58],[596.64,452.46],[596.64,449.14],[609.53,436.25]],"c":true}}},{"ty":"sh","ks":{"k":{"i":[[0,0],[0,0],[0,0],[0,0]],"o":[[0,0],[0,0],[0,0],[0,0]],"v":[[609.53,433.45],[596.64,446.33],[596.64,443.02],[609.53,430.13]],"c":true}}},{"ty":"sh","ks":{"k":{"i":[[0,0],[0,0],[0,0],[0,0]],"o":[[0,0],[0,0],[0,0],[0,0]],"v":[[609.53,423.46],[609.53,427.33],[596.64,440.21],[596.64,436.34]],"c":true}}},{"ty":"sh","ks":{"k":{"i":[[0,0],[0,0],[0,0],[0,0]],"o":[[0,0],[0,0],[0,0],[0,0]],"v":[[618.29,280.8],[610.64,288.44],[610.64,276.32],[618.29,268.68]],"c":true}}},{"ty":"sh","ks":{"k":{"i":[[0,0],[0,0],[0,0],[0,0]],"o":[[0,0],[0,0],[0,0],[0,0]],"v":[[627.91,271.17],[619.48,279.6],[619.48,267.47],[627.91,259.05]],"c":true}}},{"ty":"sh","ks":{"k":{"i":[[0,0],[0,0],[0,0],[0,0]],"o":[[0,0],[0,0],[0,0],[0,0]],"v":[[21.48,229.15],[21.48,236.13],[25.91,240.56],[25.91,233.57]],"c":true}}},{"ty":"sh","ks":{"k":{"i":[[0,0],[0,0],[0,0],[0,0],[0,0]],"o":[[0,0],[0,0],[0,0],[0,0],[0,0]],"v":[[21.48,219.95],[21.48,226.94],[25.91,231.37],[25.91,224.38],[21.48,219.96]],"c":true}}},{"ty":"sh","ks":{"k":{"i":[[0,0],[0,0],[0,0],[0,0]],"o":[[0,0],[0,0],[0,0],[0,0]],"v":[[21.48,210.75],[21.48,217.74],[25.91,222.16],[25.91,215.18]],"c":true}}},{"ty":"sh","ks":{"k":{"i":[[0,0],[0,0],[0,0],[0,0]],"o":[[0,0],[0,0],[0,0],[0,0]],"v":[[21.48,201.56],[21.48,208.54],[25.91,212.97],[25.91,205.99]],"c":true}}},{"ty":"sh","ks":{"k":{"i":[[0,0],[0,0],[0,0],[0,0]],"o":[[0,0],[0,0],[0,0],[0,0]],"v":[[21.48,737.47],[21.48,744.45],[25.91,740.03],[25.91,733.04]],"c":true}}},{"ty":"sh","ks":{"k":{"i":[[0,0],[0,0],[0,0],[0,0],[0,0]],"o":[[0,0],[0,0],[0,0],[0,0],[0,0]],"v":[[21.48,728.27],[21.48,735.26],[25.91,730.83],[25.91,723.84],[21.48,728.27]],"c":true}}},{"ty":"sh","ks":{"k":{"i":[[0,0],[0,0],[0,0],[0,0]],"o":[[0,0],[0,0],[0,0],[0,0]],"v":[[21.48,719.07],[21.48,726.06],[25.91,721.63],[25.91,714.64]],"c":true}}},{"ty":"sh","ks":{"k":{"i":[[0,0],[0,0],[0,0],[0,0],[0,0]],"o":[[0,0],[0,0],[0,0],[0,0],[0,0]],"v":[[21.48,709.88],[21.48,716.86],[25.91,712.43],[25.91,705.45],[21.48,709.87]],"c":true}}},{"ty":"fl","o":{"k":100},"c":{"k":[0.09,0.09,0.12,1]}},{"ty":"tr","o":{"k":100},"r":{"k":0},"p":{"k":[0,0]},"a":{"k":[0,0]},"s":{"k":[100,100]},"sk":{"k":0},"sa":{"k":0},"hd":false}]},{"ty":"gr","hd":false,"it":[{"ty":"sh","ks":{"k":{"i":[[0,0],[0,0],[0,0],[0,0]],"o":[[0,0],[0,0],[0,0],[0,0]],"v":[[651.37,236.45],[655.79,232.03],[655.79,239.01],[651.37,243.43]],"c":true}}},{"ty":"fl","o":{"k":100},"c":{"k":[0.09,0.09,0.12,1]}},{"ty":"tr","o":{"k":100},"r":{"k":0},"p":{"k":[0,0]},"a":{"k":[0,0]},"s":{"k":[100,100]},"sk":{"k":0},"sa":{"k":0},"hd":false}]},{"ty":"gr","hd":false,"it":[{"ty":"sh","ks":{"k":{"i":[[0,0],[0,0],[0,0],[0,0]],"o":[[0,0],[0,0],[0,0],[0,0]],"v":[[655.79,229.82],[651.37,234.24],[651.37,227.26],[655.79,222.83]],"c":true}}},{"ty":"fl","o":{"k":100},"c":{"k":[0.09,0.09,0.12,1]}},{"ty":"tr","o":{"k":100},"r":{"k":0},"p":{"k":[0,0]},"a":{"k":[0,0]},"s":{"k":[100,100]},"sk":{"k":0},"sa":{"k":0},"hd":false}]},{"ty":"gr","hd":false,"it":[{"ty":"sh","ks":{"k":{"i":[[0,0],[0,0],[0,0],[0,0]],"o":[[0,0],[0,0],[0,0],[0,0]],"v":[[655.79,220.62],[651.37,225.05],[651.37,218.06],[655.79,213.64]],"c":true}}},{"ty":"fl","o":{"k":100},"c":{"k":[0.09,0.09,0.12,1]}},{"ty":"tr","o":{"k":100},"r":{"k":0},"p":{"k":[0,0]},"a":{"k":[0,0]},"s":{"k":[100,100]},"sk":{"k":0},"sa":{"k":0},"hd":false}]},{"ty":"gr","hd":false,"it":[{"ty":"sh","ks":{"k":{"i":[[0,0],[0,0],[0,0],[0,0]],"o":[[0,0],[0,0],[0,0],[0,0]],"v":[[655.79,211.43],[651.37,215.85],[651.37,208.86],[655.79,204.43]],"c":true}}},{"ty":"fl","o":{"k":100},"c":{"k":[0.09,0.09,0.12,1]}},{"ty":"tr","o":{"k":100},"r":{"k":0},"p":{"k":[0,0]},"a":{"k":[0,0]},"s":{"k":[100,100]},"sk":{"k":0},"sa":{"k":0},"hd":false}]},{"ty":"tr","o":{"k":100},"r":{"k":0},"p":{"k":[0,0]},"a":{"k":[0,0]},"s":{"k":[100,100]},"sk":{"k":0},"sa":{"k":0},"hd":false}]},{"ty":"tm","s":{"a":0,"k":0,"ix":1},"e":{"a":1,"k":[{"i":{"x":[0.35],"y":[1]},"o":{"x":[0.17],"y":[0.17]},"t":0,"s":[25]},{"t":55,"s":[100]}],"ix":2},"o":{"a":0,"k":0,"ix":3},"m":1,"ix":2,"nm":"Trim Paths 1","mn":"ADBE Vector Filter - Trim","hd":false}]}],"meta":{"g":"LF SVG to Lottie"}}