[
    {
        "anonymous": false,
        "inputs": [
            {
                "indexed": false,
                "internalType": "address",
                "name": "previousAdmin",
                "type": "address"
            },
            {
                "indexed": false,
                "internalType": "address",
                "name": "newAdmin",
                "type": "address"
            }
        ],
        "name": "AdminChanged",
        "type": "event"
    },
    {
        "anonymous": false,
        "inputs": [
            {
                "indexed": true,
                "internalType": "address",
                "name": "beacon",
                "type": "address"
            }
        ],
        "name": "BeaconUpgraded",
        "type": "event"
    },
    {
        "anonymous": false,
        "inputs": [
            {
                "indexed": false,
                "internalType": "address",
                "name": "user",
                "type": "address"
            },
            {
                "indexed": false,
                "internalType": "uint256",
                "name": "pid",
                "type": "uint256"
            },
            {
                "indexed": false,
                "internalType": "uint256",
                "name": "amountInMax",
                "type": "uint256"
            },
            {
                "indexed": false,
                "internalType": "uint256",
                "name": "amountIn",
                "type": "uint256"
            },
            {
                "indexed": false,
                "internalType": "uint256",
                "name": "amountOut",
                "type": "uint256"
            }
        ],
        "name": "SwappedDPSForExactResource",
        "type": "event"
    },
    {
        "anonymous": false,
        "inputs": [
            {
                "indexed": false,
                "internalType": "address",
                "name": "user",
                "type": "address"
            },
            {
                "indexed": false,
                "internalType": "uint256",
                "name": "pid",
                "type": "uint256"
            },
            {
                "indexed": false,
                "internalType": "uint256",
                "name": "amountIn",
                "type": "uint256"
            },
            {
                "indexed": false,
                "internalType": "uint256",
                "name": "amountOutMin",
                "type": "uint256"
            },
            {
                "indexed": false,
                "internalType": "uint256",
                "name": "amountOut",
                "type": "uint256"
            }
        ],
        "name": "SwappedExactResourceForDPS",
        "type": "event"
    },
    {
        "anonymous": false,
        "inputs": [
            {
                "indexed": true,
                "internalType": "address",
                "name": "implementation",
                "type": "address"
            }
        ],
        "name": "Upgraded",
        "type": "event"
    },
    {
        "inputs": [],
        "name": "CentralCommandAddress",
        "outputs": [
            {
                "internalType": "address",
                "name": "",
                "type": "address"
            }
        ],
        "stateMutability": "view",
        "type": "function"
    },
    {
        "inputs": [],
        "name": "FEE_MULTIPLIER",
        "outputs": [
            {
                "internalType": "uint256",
                "name": "",
                "type": "uint256"
            }
        ],
        "stateMutability": "view",
        "type": "function"
    },
    {
        "inputs": [],
        "name": "dpsBalance",
        "outputs": [
            {
                "internalType": "uint256",
                "name": "",
                "type": "uint256"
            }
        ],
        "stateMutability": "view",
        "type": "function"
    },
    {
        "inputs": [],
        "name": "getAdminRoleCode",
        "outputs": [
            {
                "internalType": "bytes32",
                "name": "",
                "type": "bytes32"
            }
        ],
        "stateMutability": "view",
        "type": "function"
    },
    {
        "inputs": [],
        "name": "getAdminRoleName",
        "outputs": [
            {
                "internalType": "string",
                "name": "",
                "type": "string"
            }
        ],
        "stateMutability": "view",
        "type": "function"
    },
    {
        "inputs": [],
        "name": "getAllPrices",
        "outputs": [
            {
                "internalType": "uint256[]",
                "name": "prices",
                "type": "uint256[]"
            }
        ],
        "stateMutability": "view",
        "type": "function"
    },
    {
        "inputs": [
            {
                "internalType": "uint256",
                "name": "amountOut",
                "type": "uint256"
            },
            {
                "internalType": "uint256",
                "name": "inReserve",
                "type": "uint256"
            },
            {
                "internalType": "uint256",
                "name": "outReserve",
                "type": "uint256"
            }
        ],
        "name": "getAmountIn",
        "outputs": [
            {
                "internalType": "uint256",
                "name": "",
                "type": "uint256"
            }
        ],
        "stateMutability": "view",
        "type": "function"
    },
    {
        "inputs": [
            {
                "internalType": "uint256",
                "name": "amountIn",
                "type": "uint256"
            },
            {
                "internalType": "uint256",
                "name": "inReserve",
                "type": "uint256"
            },
            {
                "internalType": "uint256",
                "name": "outReserve",
                "type": "uint256"
            }
        ],
        "name": "getAmountOut",
        "outputs": [
            {
                "internalType": "uint256",
                "name": "",
                "type": "uint256"
            }
        ],
        "stateMutability": "view",
        "type": "function"
    },
    {
        "inputs": [],
        "name": "getContractCode",
        "outputs": [
            {
                "internalType": "bytes32",
                "name": "",
                "type": "bytes32"
            }
        ],
        "stateMutability": "view",
        "type": "function"
    },
    {
        "inputs": [],
        "name": "getContractName",
        "outputs": [
            {
                "internalType": "string",
                "name": "",
                "type": "string"
            }
        ],
        "stateMutability": "view",
        "type": "function"
    },
    {
        "inputs": [],
        "name": "getDPSReserves",
        "outputs": [
            {
                "internalType": "uint256",
                "name": "dpsReserves",
                "type": "uint256"
            }
        ],
        "stateMutability": "view",
        "type": "function"
    },
    {
        "inputs": [
            {
                "internalType": "uint256",
                "name": "pid",
                "type": "uint256"
            },
            {
                "internalType": "uint256",
                "name": "amountOut",
                "type": "uint256"
            }
        ],
        "name": "getPriceDPStoExactResource",
        "outputs": [
            {
                "internalType": "uint256",
                "name": "amountIn",
                "type": "uint256"
            }
        ],
        "stateMutability": "view",
        "type": "function"
    },
    {
        "inputs": [
            {
                "internalType": "uint256",
                "name": "pid",
                "type": "uint256"
            },
            {
                "internalType": "uint256",
                "name": "amountIn",
                "type": "uint256"
            }
        ],
        "name": "getPriceExactResourcetoDPS",
        "outputs": [
            {
                "internalType": "uint256",
                "name": "amountOut",
                "type": "uint256"
            }
        ],
        "stateMutability": "view",
        "type": "function"
    },
    {
        "inputs": [
            {
                "internalType": "uint256",
                "name": "pid",
                "type": "uint256"
            }
        ],
        "name": "getReserves",
        "outputs": [
            {
                "internalType": "uint256",
                "name": "dpsReserve",
                "type": "uint256"
            },
            {
                "internalType": "uint256",
                "name": "resourceReserve",
                "type": "uint256"
            }
        ],
        "stateMutability": "view",
        "type": "function"
    },
    {
        "inputs": [
            {
                "internalType": "address",
                "name": "cccAddress",
                "type": "address"
            },
            {
                "internalType": "address",
                "name": "dpsAddress",
                "type": "address"
            }
        ],
        "name": "initialize",
        "outputs": [],
        "stateMutability": "nonpayable",
        "type": "function"
    },
    {
        "inputs": [],
        "name": "numPools",
        "outputs": [
            {
                "internalType": "uint256",
                "name": "",
                "type": "uint256"
            }
        ],
        "stateMutability": "view",
        "type": "function"
    },
    {
        "inputs": [],
        "name": "proxiableUUID",
        "outputs": [
            {
                "internalType": "bytes32",
                "name": "",
                "type": "bytes32"
            }
        ],
        "stateMutability": "view",
        "type": "function"
    },
    {
        "inputs": [
            {
                "internalType": "bytes32",
                "name": "role",
                "type": "bytes32"
            }
        ],
        "name": "setAdminRole",
        "outputs": [],
        "stateMutability": "nonpayable",
        "type": "function"
    },
    {
        "inputs": [
            {
                "internalType": "string",
                "name": "roleName",
                "type": "string"
            }
        ],
        "name": "setAdminRoleName",
        "outputs": [],
        "stateMutability": "nonpayable",
        "type": "function"
    },
    {
        "inputs": [
            {
                "internalType": "bool",
                "name": "enabled",
                "type": "bool"
            }
        ],
        "name": "setAllPoolsEnabled",
        "outputs": [],
        "stateMutability": "nonpayable",
        "type": "function"
    },
    {
        "inputs": [
            {
                "internalType": "address",
                "name": "_CentralCommandAddress",
                "type": "address"
            }
        ],
        "name": "setCentralCommandAddress",
        "outputs": [],
        "stateMutability": "nonpayable",
        "type": "function"
    },
    {
        "inputs": [
            {
                "internalType": "uint256",
                "name": "fee",
                "type": "uint256"
            }
        ],
        "name": "setFeeMultiplier",
        "outputs": [],
        "stateMutability": "nonpayable",
        "type": "function"
    },
    {
        "inputs": [
            {
                "internalType": "uint256",
                "name": "pid",
                "type": "uint256"
            },
            {
                "internalType": "bool",
                "name": "enabled",
                "type": "bool"
            },
            {
                "internalType": "uint256",
                "name": "k",
                "type": "uint256"
            },
            {
                "internalType": "uint256",
                "name": "dpsReserve",
                "type": "uint256"
            }
        ],
        "name": "setPool",
        "outputs": [],
        "stateMutability": "nonpayable",
        "type": "function"
    },
    {
        "inputs": [
            {
                "internalType": "bytes4",
                "name": "interfaceId",
                "type": "bytes4"
            }
        ],
        "name": "supportsInterface",
        "outputs": [
            {
                "internalType": "bool",
                "name": "",
                "type": "bool"
            }
        ],
        "stateMutability": "view",
        "type": "function"
    },
    {
        "inputs": [
            {
                "internalType": "uint256",
                "name": "pid",
                "type": "uint256"
            },
            {
                "internalType": "uint256",
                "name": "amountInMax",
                "type": "uint256"
            },
            {
                "internalType": "uint256",
                "name": "amountOut",
                "type": "uint256"
            },
            {
                "internalType": "uint256",
                "name": "deadline",
                "type": "uint256"
            }
        ],
        "name": "swapDPSForExactResource",
        "outputs": [
            {
                "internalType": "uint256",
                "name": "amountIn",
                "type": "uint256"
            }
        ],
        "stateMutability": "nonpayable",
        "type": "function"
    },
    {
        "inputs": [
            {
                "internalType": "uint256",
                "name": "pid",
                "type": "uint256"
            },
            {
                "internalType": "uint256",
                "name": "amountIn",
                "type": "uint256"
            },
            {
                "internalType": "uint256",
                "name": "amountOutMin",
                "type": "uint256"
            },
            {
                "internalType": "uint256",
                "name": "deadline",
                "type": "uint256"
            }
        ],
        "name": "swapExactResourceForDPS",
        "outputs": [
            {
                "internalType": "uint256",
                "name": "amountOut",
                "type": "uint256"
            }
        ],
        "stateMutability": "nonpayable",
        "type": "function"
    },
    {
        "inputs": [],
        "name": "sync",
        "outputs": [],
        "stateMutability": "nonpayable",
        "type": "function"
    },
    {
        "inputs": [],
        "name": "updateAddresses",
        "outputs": [],
        "stateMutability": "nonpayable",
        "type": "function"
    },
    {
        "inputs": [
            {
                "internalType": "address",
                "name": "newImplementation",
                "type": "address"
            }
        ],
        "name": "upgradeTo",
        "outputs": [],
        "stateMutability": "nonpayable",
        "type": "function"
    },
    {
        "inputs": [
            {
                "internalType": "address",
                "name": "newImplementation",
                "type": "address"
            },
            {
                "internalType": "bytes",
                "name": "data",
                "type": "bytes"
            }
        ],
        "name": "upgradeToAndCall",
        "outputs": [],
        "stateMutability": "payable",
        "type": "function"
    },
    {
        "inputs": [
            {
                "internalType": "address",
                "name": "_tokenAddr",
                "type": "address"
            },
            {
                "internalType": "uint256",
                "name": "_amount",
                "type": "uint256"
            },
            {
                "internalType": "address",
                "name": "to",
                "type": "address"
            }
        ],
        "name": "withdrawalToken",
        "outputs": [],
        "stateMutability": "nonpayable",
        "type": "function"
    },
    {
        "stateMutability": "payable",
        "type": "receive"
    }
]