[
	{
		"inputs": [],
		"name": "registerReferral",
		"outputs": [
			{
				"internalType": "bytes",
				"name": "ref",
				"type": "bytes"
			}
		],
		"stateMutability": "nonpayable",
		"type": "function"
	},
	{
		"inputs": [],
		"stateMutability": "nonpayable",
		"type": "constructor"
	},
	{
		"inputs": [
			{
				"internalType": "bytes",
				"name": "code",
				"type": "bytes"
			}
		],
		"name": "getAddress",
		"outputs": [
			{
				"internalType": "address",
				"name": "addr",
				"type": "address"
			}
		],
		"stateMutability": "view",
		"type": "function"
	},
	{
		"inputs": [],
		"name": "getRefCount",
		"outputs": [
			{
				"internalType": "uint256",
				"name": "count",
				"type": "uint256"
			}
		],
		"stateMutability": "view",
		"type": "function"
	},
	{
		"inputs": [
			{
				"internalType": "address",
				"name": "_address",
				"type": "address"
			}
		],
		"name": "getReferral",
		"outputs": [
			{
				"internalType": "bytes",
				"name": "ref",
				"type": "bytes"
			}
		],
		"stateMutability": "view",
		"type": "function"
	}
]