[
  {
    "inputs": [
      {
        "internalType": "bytes32",
        "name": "_messageHash",
        "type": "bytes32"
      }
    ],
    "name": "getEthSignedMessageHash",
    "outputs": [
      {
        "internalType": "bytes32",
        "name": "",
        "type": "bytes32"
      }
    ],
    "stateMutability": "pure",
    "type": "function"
  },
  {
    "inputs": [
      {
        "internalType": "bytes32",
        "name": "_ethSignedMessageHash",
        "type": "bytes32"
      },
      {
        "internalType": "bytes",
        "name": "_signature",
        "type": "bytes"
      }
    ],
    "name": "recoverSigner",
    "outputs": [
      {
        "internalType": "address",
        "name": "",
        "type": "address"
      }
    ],
    "stateMutability": "pure",
    "type": "function"
  },
  {
    "inputs": [
      {
        "internalType": "bytes",
        "name": "sig",
        "type": "bytes"
      }
    ],
    "name": "splitSignature",
    "outputs": [
      {
        "internalType": "bytes32",
        "name": "r",
        "type": "bytes32"
      },
      {
        "internalType": "bytes32",
        "name": "s",
        "type": "bytes32"
      },
      {
        "internalType": "uint8",
        "name": "v",
        "type": "uint8"
      }
    ],
    "stateMutability": "pure",
    "type": "function"
  }
]
