[{"inputs":[{"internalType":"contract IBentoBox","name":"_bentoBox","type":"address"}],"stateMutability":"nonpayable","type":"constructor"},{"inputs":[],"name":"bentoBox","outputs":[{"internalType":"contract IBentoBox","name":"","type":"address"}],"stateMutability":"view","type":"function"},{"inputs":[{"internalType":"address","name":"user","type":"address"},{"internalType":"address","name":"masterContract","type":"address"},{"internalType":"bool","name":"approved","type":"bool"},{"internalType":"uint8","name":"v","type":"uint8"},{"internalType":"bytes32","name":"r","type":"bytes32"},{"internalType":"bytes32","name":"s","type":"bytes32"}],"name":"depositAndApprove","outputs":[],"stateMutability":"payable","type":"function"}]
